{
  "last_alerts": {
    "ram_high": 1775592436.184325,
    "cpu_high": 1775628452.5423558,
    "break_reminder": 1775619781.203115
  },
  "session_start": 1775628599.8062441
}