{
  "last_alerts": {
    "ram_high": 1775592436.184325,
    "cpu_high": 1775628452.5423558,
    "break_reminder": 1777440272.602083
  },
  "session_start": 1777440272.6027899
}