{
  "last_alerts": {
    "ram_high": 1775592436.184325,
    "cpu_high": 1775628452.5423558,
    "break_reminder": 1777273404.823773
  },
  "session_start": 1777293624.460709
}